Scenario,Final Val Loss,Final Val Perplexity,Generalization Gap
Underfit,4.689854870566839,108.83738315344016,-0.051925425901357514
Best Fit (Scenario 2),0.37712640611431264,1.4580886090380702,-0.025793268176175277
Overfit,2.0058084463771384,7.432099922912871,0.8960030759398094
